title,authors,journal,year,impact,category,doi,abstract
차세대 유전자 편집 시스템 개발,김유전;이편집;박시스템,Nature,2025,IF 64.8,유전공학,10.1038/nature.2025.001,차세대 유전자 편집을 위한 혁신적 시스템 개발
AI 기반 신약 개발 플랫폼 구축,신약김;AI이;플랫폼박,Science,2025,IF 56.9,AI의약,10.1126/science.2025.002,인공지능을 활용한 신약 개발 플랫폼 연구
양자점 기반 바이오이미징 기술,양자김;점이;이미징박,Nature Nanotechnology,2025,IF 40.523,나노바이오,10.1038/nnano.2025.003,양자점을 이용한 고해상도 생체 이미징 기술
맞춤형 면역치료제 개발,맞춤김;면역이;치료박,Cell,2025,IF 66.85,면역학,10.1016/j.cell.2025.004,개인 맞춤형 면역치료제 개발 연구
바이오하이브리드 로봇 시스템,하이브리드김;로봇이;시스템박,Nature Robotics,2025,IF 25.0,바이오로봇,10.1038/nrobot.2025.005,생체조직과 결합한 하이브리드 로봇 시스템
3D 바이오프린팅 기술 혁신,3D김;바이오이;프린팅박,Nature Biotechnology,2025,IF 54.908,바이오프린팅,10.1038/nbt.2025.006,3차원 생체조직 프린팅 기술 혁신
CRISPR-Cas9을 활용한 유전자 치료의 새로운 접근법,김연구;이실험;박논문,Nature Biotechnology,2024,IF 54.908,유전공학,10.1038/nbt.2024.001,CRISPR-Cas9 시스템을 이용한 혁신적인 유전자 편집 기술 개발
나노입자 기반 약물 전달 시스템의 생체 적합성 연구,이나노;김약물;박전달,Advanced Materials,2024,IF 32.086,나노바이오,10.1002/adma.202400123,생체 적합성이 뛰어난 나노입자 약물 전달 시스템 개발
스마트 바이오센서 네트워크 구축,스마트김;바이오이;센서박,Nature Electronics,2024,IF 33.7,바이오센서,10.1038/s41928-2024-001,IoT 기반 스마트 바이오센서 네트워크
재생의학용 바이오잉크 개발,재생김;의학이;바이오박,Biomaterials,2024,IF 15.304,재생의학,10.1016/j.biomaterials.2024.001,3D 프린팅용 생체적합 바이오잉크 개발
분자 진단 기술의 혁신,분자김;진단이;기술박,Nature Methods,2024,IF 48.0,분자진단,10.1038/s41592-2024-001,초고감도 분자 진단 기술 개발
오가노이드 기반 질병 모델링,오가노김;이드이;모델박,Nature Medicine,2024,IF 87.241,질병모델,10.1038/s41591-2024-001,오가노이드를 이용한 질병 모델 연구
AI 기반 단백질 구조 예측 모델 개발,박인공;이지능;김단백,Science,2023,IF 47.728,컴퓨터생물학,10.1126/science.abc1234,인공지능을 활용한 정확한 단백질 3차원 구조 예측 알고리즘
웨어러블 바이오센서를 통한 실시간 건강 모니터링,최웨어;김센서;이헬스,Nature Medicine,2023,IF 82.955,바이오메디컬,10.1038/s41591-023-001,웨어러블 기기를 이용한 실시간 생체신호 모니터링 시스템
줄기세포 기반 재생의학 치료법 개발,정줄기;김재생;이치료,Cell Stem Cell,2023,IF 25.269,재생의학,10.1016/j.stem.2023.001,줄기세포를 이용한 혁신적인 조직 재생 치료 기술
마이크로플루이딕 칩 기반 세포 분석,마이크로김;플루이딕이;칩박,Lab on a Chip,2023,IF 7.517,마이크로플루이딕,10.1039/d3lc00001,미세유체 칩을 이용한 단일세포 분석 기술
바이오마커 발굴 및 검증 연구,바이오김;마커이;발굴박,Nature Communications,2023,IF 17.694,바이오마커,10.1038/s41467-023-001,새로운 질병 바이오마커 발굴 및 임상 검증
유전체 편집 안전성 평가,유전김;체이;편집박,Nature Genetics,2023,IF 41.307,유전학,10.1038/s41588-023-001,유전체 편집 기술의 안전성 평가 연구
면역세포 치료제 개발 및 최적화,면역김;세포이;치료박,Cell Therapy,2023,IF 12.4,면역치료,10.1016/j.ct.2023.001,차세대 면역세포 치료제 개발 연구
마이크로로봇을 이용한 표적 약물 전달 시스템,로봇김;미크로이;전달박,Nature Nanotechnology,2022,IF 40.523,나노로봇,10.1038/nnano.2022.001,마이크로 크기의 로봇을 이용한 정밀한 약물 전달 시스템
생체모방 재료 설계 및 합성,생체김;모방이;재료박,Advanced Functional Materials,2021,IF 19.924,생체재료,10.1002/adfm.202100001,자연을 모방한 고기능성 생체재료 개발
나노의학 분야의 혁신적 접근,나노김;의학이;혁신박,Nature Reviews Drug Discovery,2020,IF 84.694,나노의학,10.1038/s41573-020-001,나노기술을 활용한 의학 분야 혁신 연구
디지털 헬스케어 플랫폼 개발,디지털김;헬스이;플랫폼박,Nature Digital Medicine,2019,IF 18.5,디지털헬스,10.1038/s41746-019-001,AI 기반 디지털 헬스케어 플랫폼
정밀의학을 위한 오믹스 통합 분석,정밀김;의학이;오믹스박,Nature Medicine,2018,IF 87.241,정밀의학,10.1038/s41591-018-001,다중 오믹스 데이터 통합 분석 기술
바이오센서 기술의 차세대 발전,바이오김;센서이;차세대박,Biosensors and Bioelectronics,2017,IF 12.545,바이오센서,10.1016/j.bios.2017.001,초고감도 바이오센서 기술 개발
합성생물학 기반 치료제 개발,합성김;생물이;치료박,Nature Biotechnology,2016,IF 54.908,합성생물학,10.1038/nbt.2016.001,합성생물학을 이용한 새로운 치료제 개발
단백질 공학 기술의 혁신,단백질김;공학이;혁신박,Protein Engineering,2015,IF 3.7,단백질공학,10.1093/protein/2015.001,단백질 설계 및 개량 기술 혁신
세포치료제의 안전성 및 효능 평가,세포김;치료이;평가박,Cell Therapy and Transplantation,2014,IF 8.2,세포치료,10.3727/ct.2014.001,세포치료제 임상 안전성 평가 연구
조직공학 기술의 임상 적용,조직김;공학이;임상박,Tissue Engineering,2013,IF 3.9,조직공학,10.1089/te.2013.001,조직공학 기술의 임상 응용 연구
유전자 치료 벡터 최적화,유전자김;치료이;벡터박,Gene Therapy,2012,IF 4.7,유전자치료,10.1038/gt.2012.001,효율적인 유전자 치료 벡터 개발
바이오마테리얼 표면 개질 연구,바이오김;마테리얼이;표면박,Biomaterials,2011,IF 15.304,생체재료,10.1016/j.biomaterials.2011.001,생체적합성 향상을 위한 표면 개질 기술
재생의학용 스캐폴드 개발,재생김;의학이;스캐폴드박,Acta Biomaterialia,2010,IF 10.633,재생의학,10.1016/j.actbio.2010.001,3차원 조직 재생용 생분해성 스캐폴드
줄기세포 분화 제어 기술,줄기김;세포이;분화박,Stem Cells,2009,IF 6.022,줄기세포,10.1002/stem.2009.001,줄기세포의 특정 세포 분화 유도 기술
생체인식 바이오센서 개발,생체김;인식이;바이오박,Analytical Chemistry,2008,IF 7.4,분석화학,10.1021/ac.2008.001,특이적 분자 인식 바이오센서 개발
약물 전달 시스템 최적화,약물김;전달이;시스템박,Journal of Controlled Release,2007,IF 11.467,약물전달,10.1016/j.jconrel.2007.001,표적지향성 약물 전달 시스템 연구
바이오칩 기술 개발 및 응용,바이오김;칩이;기술박,Biosensors and Bioelectronics,2006,IF 12.545,바이오칩,10.1016/j.bios.2006.001,고집적 바이오칩 기술 개발
마이크로어레이 기반 유전자 분석,마이크로김;어레이이;유전자박,Nature Genetics,2005,IF 41.307,유전체학,10.1038/ng.2005.001,대용량 유전자 발현 분석 기술
단백체학 연구 방법론 개발,단백체김;학이;방법박,Proteomics,2004,IF 4.088,단백체학,10.1002/pmic.2004.001,고효율 단백체 분석 방법 개발
생물정보학 알고리즘 개발,생물김;정보이;알고리즘박,Bioinformatics,2003,IF 6.931,생물정보학,10.1093/bioinformatics/2003.001,유전체 데이터 분석 알고리즘 개발
효소공학 기술의 산업 응용,효소김;공학이;산업박,Enzyme and Microbial Technology,2002,IF 3.705,효소공학,10.1016/S0141-0229(02)001,산업용 효소 개발 및 최적화 연구
생물반응기 설계 및 최적화,생물김;반응이;기박,Biotechnology and Bioengineering,2001,IF 4.652,생물공학,10.1002/bit.2001.001,대규모 생물반응기 설계 및 운전 최적화